{
    "Changes": [
        //Combat Rings
        {
            "Action": "EditData",
            "Target": "Data/Shops",
            "TargetField": [ "AdventureShop", "Items" ],
            "Entries": {
              "AlphaMeece.SkillRings_CombatRing1": {
                "Id": "AlphaMeece.SkillRings_CombatRing1",
                "ItemId": "AlphaMeece.SkillRings_CombatRing1",
                "Price": "{{AlphaMeece.SkillRings/TierOneRingPrice}}",
                "IgnoreShopPriceModifiers": true
              },
              "AlphaMeece.SkillRings_CombatRing2": {
                "Id": "AlphaMeece.SkillRings_CombatRing2",
                "ItemId": "AlphaMeece.SkillRings_CombatRing2",
                "Price": "{{AlphaMeece.SkillRings/TierTwoRingPrice}}",
                "IgnoreShopPriceModifiers": true
              }
            }
        },
        {
            "Action": "EditData",
            "Target": "Data/Shops",
            "TargetField": [ "AdventureShop", "Items" ],
            "When": {
                "HasFlag": "AlphaMeece.SkillRings_CursedRing"
            },
            "Entries": {
              "AlphaMeece.SkillRings_CombatRingB": {
                "Id": "AlphaMeece.SkillRings_CombatRingB",
                "ItemId": "AlphaMeece.SkillRings_CombatRingB",
                "Price": "{{AlphaMeece.SkillRings/TierThreeRingPrice}}",
                "IgnoreShopPriceModifiers": true
              }
            }
        },
        //Farming Rings
        {
            "Action": "EditData",
            "Target": "Data/Shops",
            "TargetField": [ "AnimalShop", "Items" ],
            "Entries": {
              "AlphaMeece.SkillRings_FarmingRing1": {
                "Id": "AlphaMeece.SkillRings_FarmingRing1",
                "ItemId": "AlphaMeece.SkillRings_FarmingRing1",
                "Price": "{{AlphaMeece.SkillRings/TierOneRingPrice}}",
                "IgnoreShopPriceModifiers": true
              },
              "AlphaMeece.SkillRings_FarmingRing2": {
                "Id": "AlphaMeece.SkillRings_FarmingRing2",
                "ItemId": "AlphaMeece.SkillRings_FarmingRing2",
                "Price": "{{AlphaMeece.SkillRings/TierTwoRingPrice}}",
                "IgnoreShopPriceModifiers": true
              }
            }
        },
        {
            "Action": "EditData",
            "Target": "Data/Shops",
            "TargetField": [ "AnimalShop", "Items" ],
            "When": {
                "HasFlag": "AlphaMeece.SkillRings_GrassyRing"
            },
            "Entries": {
              "AlphaMeece.SkillRings_CombatRingB": {
                "Id": "AlphaMeece.SkillRings_FarmingRingB",
                "ItemId": "AlphaMeece.SkillRings_FarmingRingB",
                "Price": "{{AlphaMeece.SkillRings/TierThreeRingPrice}}",
                "IgnoreShopPriceModifiers": true
              }
            }
        },
        //Mining Rings
        {
            "Action": "EditData",
            "Target": "Data/Shops",
            "TargetField": [ "Dwarf", "Items" ],
            "Entries": {
              "AlphaMeece.SkillRings_MiningRing1": {
                "Id": "AlphaMeece.SkillRings_MiningRing1",
                "ItemId": "AlphaMeece.SkillRings_MiningRing1",
                "Price": "{{AlphaMeece.SkillRings/TierOneRingPrice}}",
                "IgnoreShopPriceModifiers": true
              },
              "AlphaMeece.SkillRings_MiningRing2": {
                "Id": "AlphaMeece.SkillRings_MiningRing2",
                "ItemId": "AlphaMeece.SkillRings_MiningRing2",
                "Price": "{{AlphaMeece.SkillRings/TierTwoRingPrice}}",
                "IgnoreShopPriceModifiers": true
              }
            }
        },
        {
            "Action": "EditData",
            "Target": "Data/Shops",
            "TargetField": [ "Dwarf", "Items" ],
            "When": {
                "HasFlag": "AlphaMeece.SkillRings_StoneRing"
            },
            "Entries": {
              "AlphaMeece.SkillRings_CombatRingB": {
                "Id": "AlphaMeece.SkillRings_MiningRingB",
                "ItemId": "AlphaMeece.SkillRings_MiningRingB",
                "Price": "{{AlphaMeece.SkillRings/TierThreeRingPrice}}",
                "IgnoreShopPriceModifiers": true
              }
            }
        },
        //Fishing Rings
        {
            "Action": "EditData",
            "Target": "Data/Shops",
            "TargetField": [ "FishShop", "Items" ],
            "Entries": {
              "AlphaMeece.SkillRings_FishingRing1": {
                "Id": "AlphaMeece.SkillRings_FishingRing1",
                "ItemId": "AlphaMeece.SkillRings_FishingRing1",
                "Price": "{{AlphaMeece.SkillRings/TierOneRingPrice}}",
                "IgnoreShopPriceModifiers": true
              },
              "AlphaMeece.SkillRings_FishingRing2": {
                "Id": "AlphaMeece.SkillRings_FishingRing2",
                "ItemId": "AlphaMeece.SkillRings_FishingRing2",
                "Price": "{{AlphaMeece.SkillRings/TierTwoRingPrice}}",
                "IgnoreShopPriceModifiers": true
              }
            }
        },
        {
            "Action": "EditData",
            "Target": "Data/Shops",
            "TargetField": [ "FishShop", "Items" ],
            "When": {
                "HasFlag": "AlphaMeece.SkillRings_DustyRing"
            },
            "Entries": {
              "AlphaMeece.SkillRings_CombatRingB": {
                "Id": "AlphaMeece.SkillRings_FishingRingB",
                "ItemId": "AlphaMeece.SkillRings_FishingRingB",
                "Price": "{{AlphaMeece.SkillRings/TierThreeRingPrice}}",
                "IgnoreShopPriceModifiers": true
              }
            }
        },
        //Experience Rings
        {
            "Action": "EditData",
            "Target": "Data/Shops",
            "TargetField": [ "Sandy", "Items" ],
            "Entries": {
              "AlphaMeece.SkillRings_ExperienceRing1": {
                "Id": "AlphaMeece.SkillRings_ExperienceRing1",
                "ItemId": "AlphaMeece.SkillRings_ExperienceRing1",
                "Price": "{{AlphaMeece.SkillRings/TierOneRingPrice}}",
                "IgnoreShopPriceModifiers": true
              },
              "AlphaMeece.SkillRings_ExperienceRing2": {
                "Id": "AlphaMeece.SkillRings_ExperienceRing2",
                "ItemId": "AlphaMeece.SkillRings_ExperienceRing2",
                "Price": "{{AlphaMeece.SkillRings/TierTwoRingPrice}}",
                "IgnoreShopPriceModifiers": true
              },
              "AlphaMeece.SkillRings_ExperienceRingB": {
                "Id": "AlphaMeece.SkillRings_ExperienceRingB",
                "ItemId": "AlphaMeece.SkillRings_ExperienceRingB",
                "Price": "{{AlphaMeece.SkillRings/TierThreeRingPrice}}",
                "IgnoreShopPriceModifiers": true
              }
            }
        },

        //Luck Rings
        {
            "Action": "EditData",
            "Target": "Data/Shops",
            "When": {
                "HasMod": "spacechase0.LuckSkill"
            },
            "TargetField": [ "ShadowShop", "Items" ],
            "Entries": {
              "AlphaMeece.SkillRings_LuckRing1": {
                "Id": "AlphaMeece.SkillRings_LuckRing1",
                "ItemId": "AlphaMeece.SkillRings_LuckRing1",
                "Price": "{{AlphaMeece.SkillRings/TierOneRingPrice}}",
                "IgnoreShopPriceModifiers": true
              },
              "AlphaMeece.SkillRings_LuckRing2": {
                "Id": "AlphaMeece.SkillRings_LuckRing2",
                "ItemId": "AlphaMeece.SkillRings_LuckRing2",
                "Price": "{{AlphaMeece.SkillRings/TierTwoRingPrice}}",
                "IgnoreShopPriceModifiers": true
              },
              "AlphaMeece.SkillRings_LuckRing3": {
                "Id": "AlphaMeece.SkillRings_LuckRing3",
                "ItemId": "AlphaMeece.SkillRings_LuckRing3",
                "Price": "{{AlphaMeece.SkillRings/TierThreeRingPrice}}",
                "IgnoreShopPriceModifiers": true
              }
            }
        }
    ]
}